shipment_id,origin,destination,weight_kg,cost_usd,pickup_time,status
feb156c6-788a-4a95-9d2a-4dc986336775,"New Marvinstad, NE","East Kimberly, ID",4069,2854.56,2025-04-17T09:11:27.701402,in_transit
1957bf41-b5e9-4a94-803d-a3960b329234,"Port Travis, VI","Schaefershire, GA",1464,469.23,2025-04-25T09:11:27.701555,in_transit
9ce0e8d9-fee7-4ec4-a3a0-d67d55df7dc4,"Evansstad, AZ","East Samanthashire, CT",3840,2278.24,2025-04-20T09:11:27.701634,delivered
9c444940-87d5-476b-8a1c-094ef08acdab,"South Francis, WV","East Christopher, NV",4451,4799.11,2025-04-08T09:11:27.701754,delivered
b637919c-9a17-49a9-ad55-7f312a872836,"Katelynborough, NC","East Adamhaven, VA",2394,4179.62,2025-04-06T09:11:27.701819,pending
ba40ef33-8b56-4984-90e2-392618d99fbd,"South Max, ID","Geraldshire, LA",4816,2463.2,2025-04-28T09:11:27.701877,pending
7d947c08-836b-4a41-bf7d-41dc1122fd28,"Ashleyland, IA","Stephaniemouth, IL",1068,818.62,2025-04-26T09:11:27.701935,delivered
d4dec943-e1fb-4089-913f-7becf7d2d4b8,"Lake Desireeburgh, MA","New Sherriville, GA",1677,4229.33,2025-04-09T09:11:27.701996,delivered
1bd44bf8-036f-4d9c-87fb-f975b096f652,"Moorehaven, MH","New Jessicamouth, ND",4630,4605.74,2025-04-21T09:11:27.702073,delivered
ea352c47-c3ed-400a-807e-cc3e02e2cbfe,"North Gerald, IN","Lake Dawn, SC",4513,1126.91,2025-04-28T09:11:27.702131,delivered
b0994c7b-1cf5-4768-9f84-6d1ef6e57e95,"New Calvinberg, OR","Port Annaton, AR",2135,560.19,2025-04-08T09:11:27.702192,pending
b4571efc-3666-41ec-9691-45df60c543a4,"North Edwinside, IA","East Stephanieland, VT",4240,2444.09,2025-04-23T09:11:27.702253,delivered
efe2f126-d711-4ccf-a33f-b3d900527282,"Cohenmouth, AR","Latoyaside, NE",4606,936.04,2025-04-10T09:11:27.702324,pending
bb74a9bb-3179-4810-b8b0-0bad38c9707e,"West Elizabeth, SC","New Timothyfort, VA",3453,478.91,2025-04-14T09:11:27.702384,delivered
91537e7d-70c9-45f3-8b20-1490e72a82ee,"Robbinsfurt, HI","Susantown, ME",4212,2062.0,2025-04-27T09:11:27.702453,delivered
bf635cc0-7348-41b1-b0a2-e6620fd1a3db,"Cannonberg, RI","Ellenside, ID",1302,409.55,2025-04-18T09:11:27.702521,delivered
c4c7deeb-2c7c-4844-ba11-145d1d511cb8,"Johnhaven, GA","New Kelly, IA",3883,1957.12,2025-04-30T09:11:27.702644,pending
ca6d40da-8dfc-4274-a827-54bdd1a828ea,"Ruthhaven, MH","South Kevin, CA",3780,3437.87,2025-04-08T09:11:27.702724,delivered
2c04b967-557a-42c8-8fca-eb0d11c4c580,"Frankmouth, HI","Johnsonstad, AZ",4269,1072.41,2025-04-18T09:11:27.702805,pending
7b58d4cb-a16c-49ca-a426-e791517285c1,"Dillonmouth, CO","South Tonya, FM",2050,212.58,2025-04-24T09:11:27.702895,in_transit
b12ff191-3cba-47a1-b93b-780ca5d0db94,"Gibbston, MD","Coreyfort, PW",1456,3966.83,2025-04-11T09:11:27.702965,delivered
16f19eda-1d34-4b55-8bcf-1c89719b067f,"Christopherstad, TN","East Christophertown, MA",1309,4695.59,2025-04-10T09:11:27.703571,delivered
bf2f307d-30b6-4b5b-9681-e679f05413b8,"Webbland, SD","Lake Kerryfort, NV",4554,3698.35,2025-04-16T09:11:27.703647,pending
e4ce89ce-3520-4162-967c-1c28ffa463e2,"Manntown, MA","East Harold, WA",2211,1920.62,2025-04-10T09:11:27.703716,in_transit
80aa4a5d-3f0f-4a0d-a6c2-3ed6268dcb14,"North Chadhaven, MT","Loweryview, GA",2307,701.64,2025-05-04T09:11:27.703784,pending
a45a8366-0892-46a6-a041-dc7d83fd454e,"West Stephenshire, UT","North Andrea, TN",1710,3819.77,2025-05-02T09:11:27.703925,delivered
5ad12cdc-115a-4ae2-b392-077413c804f6,"Brownfurt, AK","Joshuatown, NC",4786,1812.94,2025-04-08T09:11:27.703999,delivered
1d4df145-88b3-4c02-81b2-a4c5ae2e17d7,"Oliverchester, AK","North Michaela, MA",1462,4966.41,2025-04-14T09:11:27.704080,delivered
99e94764-6c17-4605-b024-a9596a5c38d8,"Lake Aaron, VT","Leechester, AK",2203,1142.68,2025-05-04T09:11:27.704159,pending
f822c535-dd47-4c3d-97d1-d76065c8992e,"Rebeccafort, PW","Lake Debra, PR",2275,4757.69,2025-04-04T09:11:27.704219,in_transit
25ede98e-3d1b-4856-ad4d-3371846bfaf5,"Lake Debbie, CT","East Bryanville, FM",4116,3970.41,2025-04-23T09:11:27.704278,delivered
69c1cd79-c3af-46b5-b52b-6b3e6dff484c,"Christianfort, ND","Pattersonchester, TN",2078,2847.37,2025-04-09T09:11:27.704347,delivered
3bdba21b-b873-4eb9-8256-52733dc612d8,"Port Katieview, IN","East Jacob, PW",4576,1732.9,2025-04-13T09:11:27.704409,pending
7b4e6fbc-1c88-4b35-a455-25e11a8be10f,"Port Antoniofort, ID","Savannahville, MI",2947,1871.06,2025-04-19T09:11:27.704467,delivered
3fa3b81d-2aa6-4b8a-9746-83c31a188f7a,"Stacyland, FL","North Justinchester, PW",943,1907.16,2025-04-27T09:11:27.704525,pending
5f334406-3cec-4cab-87ab-a506eb61d2d3,"Lake Amanda, VA","New Nathan, NY",1283,4599.88,2025-04-15T09:11:27.704583,delivered
66947eee-7306-442b-8594-cd7da8b55e39,"East Steventon, VI","South Patrickborough, AR",4773,2247.53,2025-04-28T09:11:27.704699,in_transit
0a0b0504-6bf3-43e2-a8a9-021595a1b5e8,"New Andrew, AL","Lake Brian, MA",4620,573.91,2025-04-05T09:11:27.704826,pending
ba1beec1-7d39-497a-b3d6-2a27cda85036,"East John, MH","Wilsonbury, AL",1330,883.36,2025-04-05T09:11:27.704938,delivered
200d1e7c-7d3a-4a0b-a31d-eff5ad6f2cc3,"Lake Joyce, CA","Lake Kristopherberg, AS",4436,1341.78,2025-04-26T09:11:27.705001,delivered
64425084-3cd2-4995-935e-1350eb695b5b,"Bradfordborough, NY","Madisonfurt, FL",584,1319.88,2025-04-23T09:11:27.705070,in_transit
444811b7-1d2d-4abf-82d4-b817c1a4ae65,"Jonesstad, VI","Wallshaven, MP",1671,379.29,2025-04-11T09:11:27.705145,in_transit
377fde5c-e5ca-4f7c-a9a7-20cffa824464,"North Johnathan, PA","South Jason, DC",576,1557.92,2025-04-19T09:11:27.705202,delivered
260f0750-6823-48a5-b517-3b0d5e6592cf,"Combsbury, CO","Johnsonland, TX",4387,248.68,2025-04-13T09:11:27.705277,pending
9013e453-738b-42ba-8d46-5e543feb872b,"Lake Thomasland, GA","South Amanda, WV",2561,2546.83,2025-04-13T09:11:27.705337,in_transit
f6dd7b64-ac52-4e24-acc2-3fa86bcc3978,"Spenceside, ND","Gloverfort, OR",3850,4561.87,2025-05-03T09:11:27.705411,in_transit
ab97909b-ad43-4fc2-8a04-885b631a9f86,"Jonesshire, WI","Port Louis, GA",784,1780.83,2025-04-27T09:11:27.705478,pending
32a03a3d-8b10-4c89-921f-9b4e9bb03881,"West Courtneyfurt, SD","Adkinsville, MO",1786,1698.14,2025-04-05T09:11:27.705547,in_transit
b3028b70-56b9-402b-846d-eed94fc03fa6,"Devinberg, WA","Sherryfurt, CO",4206,3704.8,2025-04-24T09:11:27.705603,in_transit
becce702-f786-4893-80c2-10d7a0f3a671,"Danielview, NH","Millershire, AZ",1992,2602.45,2025-04-25T09:11:27.705669,pending
ce240b4b-49f1-4a4f-8295-aeb960438bbc,"Allisonland, MP","North Juan, PR",1447,2924.06,2025-04-07T09:11:27.705725,delivered
3bc2648e-9981-46d1-abdc-fa0aaea705a0,"Clementsfurt, MS","New Christina, GA",1136,324.89,2025-05-04T09:11:27.705792,delivered
d2ebfbeb-7325-446d-bde8-5c57cabb8b5a,"Hughesmouth, KS","Stevenport, MA",3389,456.89,2025-04-27T09:11:27.705860,pending
c3995ddf-bf12-4f7c-be30-96034f654987,"Hobbsland, OH","North Jennifer, DE",2422,2240.31,2025-04-30T09:11:27.705927,in_transit
a54f09f6-b50f-46a7-b5b8-28543fae26b6,"New Jessicaport, AZ","Marshallton, CA",998,878.1,2025-04-14T09:11:27.705995,pending
aa7bd1cd-b551-4777-86d5-818e6f82e148,"South Abigailside, HI","New Deborah, WA",3036,3791.69,2025-04-07T09:11:27.706057,in_transit
487762ed-06a7-4e66-aac6-82ef4762511b,"East Jesseville, NV","Debraport, GA",4904,2284.18,2025-04-05T09:11:27.706118,in_transit
9d50ecfc-15c8-4697-8580-47af8950e017,"Johnhaven, MP","West Lawrence, FM",4853,535.35,2025-04-18T09:11:27.706176,in_transit
6da56403-693e-4f85-8017-b36c2663c5d3,"Port Danielport, MN","Angelamouth, MA",4822,2187.01,2025-04-30T09:11:27.706234,delivered
c1e72e9e-582f-4e78-89f6-27e111fc9dd6,"Shafferborough, DE","Nicholastown, AS",1462,3486.28,2025-04-28T09:11:27.706300,delivered
e75ba900-3cba-4bbe-8a3d-0892a48f69ce,"Ronaldchester, IL","Brownchester, DE",4916,3701.28,2025-05-01T09:11:27.706366,pending
7a89d59c-e1bf-4ab0-9ef7-467f3c028f7d,"Sandraport, SC","Brooksburgh, MT",2515,574.45,2025-05-02T09:11:27.706432,in_transit
64c641ee-01d5-49ed-9fd2-0990ce32cbc1,"Leland, PW","East Ricardochester, MI",1635,1524.9,2025-04-30T09:11:27.706500,delivered
9c2c7702-1b64-43ef-806d-2fee254ca490,"North David, NH","Dennisfurt, MS",3366,2547.14,2025-05-04T09:11:27.706570,delivered
62d85f6a-1e3c-4483-8822-88f02ec6d2d7,"Andrewborough, AZ","Clarkborough, UT",1695,3060.63,2025-05-04T09:11:27.706643,in_transit
689865db-5fed-4765-bced-6a71cb132df4,"Williamville, AK","Whitebury, OK",2197,255.36,2025-04-16T09:11:27.706782,pending
0a5a607e-7ae9-4adc-834f-e8887687b6c0,"Susanfort, MO","Port Patricia, VI",925,1178.57,2025-04-12T09:11:27.706863,delivered
abde16d6-e681-46c8-96bf-183044f25970,"Campbellburgh, MT","East Kayleeland, HI",757,1002.02,2025-04-07T09:11:27.706958,pending
e4353c6b-e5d4-4ea4-be83-bff48fcefe57,"Williamsonfurt, IA","Timothyburgh, CT",2345,3257.84,2025-04-06T09:11:27.707036,in_transit
9a63a8e6-f318-450b-9093-248dfb8c3404,"Sarahtown, MI","Morrowland, RI",4083,1468.33,2025-04-10T09:11:27.707108,in_transit
1735319f-de65-41e8-8986-69e3732e634b,"East Randall, FL","Port Amberbury, GA",2825,942.2,2025-04-24T09:11:27.707172,delivered
f64dd416-7459-45aa-b659-836e1c07e2f7,"West James, IN","Lorimouth, MD",4834,4586.38,2025-04-18T09:11:27.707232,delivered
f91d8242-42ab-43d0-b37b-22a1643215df,"New Andrea, WV","Dannyhaven, IL",1438,4863.88,2025-04-23T09:11:27.707292,delivered
a8a630e2-9404-4189-b7d1-8ca1be5330b9,"Lake Travisstad, WA","Jeremyton, MS",4449,4294.74,2025-05-04T09:11:27.707354,delivered
b6c42b54-4c52-406b-8ccb-16bf1d51d511,"Lake Anthonyborough, DE","West Brittanyside, SD",4958,2046.16,2025-05-02T09:11:27.707462,pending
96b3ad17-b3a4-4e4e-9f92-4d206204974a,"West Jamesport, RI","Dianeborough, WY",3122,3715.54,2025-04-07T09:11:27.707549,delivered
a68afdf0-ed09-448e-8e70-5863c06b2321,"Madisonmouth, DC","East Tylerton, CT",2804,2083.17,2025-05-02T09:11:27.707632,delivered
57a38882-dafe-40d4-b389-99997431c7c8,"South Melissaton, PA","South Anthonyton, AS",2130,4634.92,2025-04-10T09:11:27.707717,in_transit
069d5962-b7a1-4afa-8fe8-f50732a3a1a0,"Ericfurt, AS","Port Jasonfurt, AL",2243,1293.48,2025-04-06T09:11:27.707797,delivered
20bcc605-1f10-432b-b01c-7b7fa492ebc8,"Paynetown, DE","Leeton, CO",4872,1330.06,2025-04-20T09:11:27.707917,delivered
ea084ab1-fcce-4f42-8436-b7f03a12e82b,"Garytown, NJ","North Jeffreyfurt, FL",4413,3640.51,2025-04-19T09:11:27.708012,delivered
6c5a469b-6d1f-4554-ad2e-dec9a8174914,"West Colton, PA","Ginaberg, GU",1023,3249.27,2025-04-22T09:11:27.708089,in_transit
f75b9889-1aef-4179-afd0-8837a006c877,"Francischester, GA","Sullivanton, NY",2838,3543.71,2025-04-24T09:11:27.708191,delivered
d7bb9bfb-1932-4b87-856b-81f51f412cb8,"Tammychester, DE","Smithport, IN",1412,471.11,2025-04-15T09:11:27.708281,delivered
fba40d17-9148-4c6b-b64f-6325cf129277,"West Tinatown, WA","Stewartmouth, LA",4790,1143.14,2025-04-23T09:11:27.708380,delivered
2dee9bfd-5a2a-4aa2-8a81-ed7354bb771e,"Thomasmouth, HI","Deanbury, AL",4267,1281.83,2025-04-06T09:11:27.708474,in_transit
4f180df3-8291-4cba-b942-8ca2cc0d26f8,"Port Julie, RI","Evelynbury, NJ",1335,4744.67,2025-04-10T09:11:27.708557,in_transit
043014ba-2c53-4b5d-ad00-d5eb66bf527f,"South Rebecca, MH","Kirkborough, MP",3665,727.54,2025-04-13T09:11:27.708653,in_transit
53bcafc6-0fe4-4c57-afd0-d646754616db,"Watersfort, MH","Robertston, PA",2119,1242.62,2025-04-27T09:11:27.708763,delivered
ce5bbd42-3b8d-4f4f-a378-3a3b88406e5a,"Lindaside, KY","Lawrencechester, CO",3716,540.25,2025-04-07T09:11:27.708862,in_transit
a434301f-1ad1-43b1-930d-f817b1e71355,"Lake Philip, MN","Lake Heidishire, HI",3118,4504.34,2025-04-04T09:11:27.708953,pending
adbeb6cd-0e5d-4ab3-bf0d-a69358de9ea7,"Gardnerville, OR","Dannyville, FM",2508,983.98,2025-04-10T09:11:27.709042,in_transit
7aef7e43-ffdb-404b-83e6-283d8764b6f4,"South John, ME","South Joyceside, MS",2807,1788.81,2025-04-28T09:11:27.709118,delivered
3e547cb2-8f37-4bed-858c-35c6a3c2bf6f,"West Amy, WY","West Grace, MI",2366,216.82,2025-04-27T09:11:27.709188,pending
19d50990-f3af-4308-931c-633967865541,"Justinhaven, MP","Perezfurt, AS",1403,2494.9,2025-04-12T09:11:27.709269,delivered
296577bd-f671-463a-80b0-cd1332e523af,"East Kevinland, CO","South Joshua, NC",4960,2971.85,2025-04-10T09:11:27.709342,in_transit
dee57d6d-1a46-4429-b2b7-0c8d936652b7,"South Melanie, OH","New Michellefurt, NC",3384,1801.71,2025-04-17T09:11:27.709416,in_transit
6ef34b95-a006-40f7-be38-a86a2bc514a5,"Sarahhaven, OH","Jacquelinechester, FL",603,4520.99,2025-04-20T09:11:27.709488,pending
3901576d-62c1-4411-9de4-a720b288768f,"Markton, PA","Bethanybury, VA",1215,805.83,2025-05-01T09:11:27.709560,in_transit
cf25ae6d-edd8-4fd2-ad0f-07724234094c,"South Staceyfurt, ME","Port Courtneyport, GA",3287,3746.41,2025-04-13T09:11:27.709640,pending
08a2ce46-7a66-46e1-999b-61ed53b5963d,"Robertfurt, WA","North Ericview, NY",4310,4192.53,2025-04-22T09:11:27.709716,delivered
5c1ad108-440b-4515-832f-ea128d007c1f,"Christiechester, PR","Yangside, VI",1837,462.8,2025-04-14T09:11:27.709801,pending
6a7c9f79-3cc7-441a-b455-7073312d0d4d,"Vazquezchester, DE","Franciscofort, MI",4253,550.29,2025-05-04T09:11:27.709885,in_transit
e471336a-9feb-411d-9d44-9965b5dd6337,"Garciafurt, WY","Edwardfurt, IL",4112,3896.95,2025-04-07T09:11:27.709969,in_transit
eb916f01-cd09-4b18-ae37-0d4357bb8b1f,"Port Brianna, NJ","New Joelside, GA",2778,949.09,2025-04-07T09:11:27.710046,in_transit
f572aaf9-6b9c-49aa-8ce0-ba2143cadeeb,"Ferrellville, DE","Parkermouth, MT",4254,865.66,2025-04-25T09:11:27.710142,in_transit
77dd3487-1258-4f39-ba37-f79ffccd9603,"Millerville, PW","Goldenstad, OH",906,2262.59,2025-04-10T09:11:27.710239,in_transit
e5269b97-e2e9-40f2-b0ee-b77b019a3f6c,"South Jeffrey, RI","North Joshua, KY",4188,4502.99,2025-04-24T09:11:27.710990,in_transit
03c3e70a-e372-4b87-84da-cd210923383d,"Amandaberg, MD","Pattonport, AK",4906,1027.92,2025-04-22T09:11:27.711100,delivered
b467bc9a-706d-4540-9b8c-d818cc2b0e10,"Banksbury, WA","East Jennifer, HI",2108,2056.92,2025-04-21T09:11:27.711191,delivered
8ae8033d-2eb0-4aa8-b81d-682422bcf954,"Fletcherchester, MS","West Thomasshire, NH",3539,2860.61,2025-04-28T09:11:27.711281,pending
79f3bcf1-2209-43f6-9c34-762538dd6802,"Ramosmouth, MN","Port Monica, UT",597,1201.81,2025-04-05T09:11:27.711369,pending
5049deec-ba07-4d99-adda-60994960f894,"North Jeanville, DC","West Jeffreyshire, ND",855,3850.08,2025-04-15T09:11:27.711450,pending
5ce6abfc-0f31-463a-aee9-00603c5886d4,"Lake Joseph, NE","Port Carmenhaven, VT",4316,823.01,2025-04-06T09:11:27.711623,pending
daffe172-e53c-4326-87c8-4f6343e92933,"Lake Christopherland, WY","North Bryanport, ME",3118,3870.77,2025-04-08T09:11:27.711713,in_transit
2bab5fcc-7a0b-41a6-9d93-152dddc88695,"Austinbury, VA","New Laurashire, TN",3981,594.22,2025-04-06T09:11:27.711808,delivered
8ae25ae1-d623-46c9-9b8e-ee389eb00888,"Steinburgh, AR","East Monique, IA",4299,1244.26,2025-04-19T09:11:27.711898,pending
27a8d573-a275-4fb5-90ed-930707015577,"South Vickiefort, ID","Ericborough, OH",2291,477.46,2025-04-29T09:11:27.711977,delivered
2e8250f3-c506-4c34-9b8e-7e5530fae695,"North Karen, WI","South Bradleyshire, CA",3915,3531.29,2025-04-28T09:11:27.712053,in_transit
004d1e8c-8509-4afb-a558-96d356ed980d,"New Matthewview, PW","Port Rebecca, ID",1943,4439.16,2025-04-14T09:11:27.712129,delivered
39a7dad7-1220-41d8-9355-c61cb6102825,"Taylorburgh, NC","West Lynn, WY",1217,1107.93,2025-04-13T09:11:27.712221,pending
d9a107af-6b6c-41aa-b01d-908416a8f77c,"New Danielchester, SC","Halefurt, DE",4779,2781.58,2025-04-06T09:11:27.712312,pending
e291fde2-be9f-44ee-9635-5312c666b65f,"Michelletown, AK","Maryborough, VA",4482,3127.78,2025-04-21T09:11:27.712386,delivered
a8d3beb1-04d0-47d6-b22e-46947e8e60d9,"East Jeanshire, PW","Port Elizabethville, MH",1708,477.87,2025-04-27T09:11:27.712465,delivered
aba0bad5-b1f1-4952-8e74-24bfc51fd916,"Lake Stephanie, ME","Dianeview, CT",2917,1418.32,2025-04-23T09:11:27.712539,delivered
b1dad7a7-6646-4a66-9a7c-8f48a10ef241,"Swansonstad, PR","Lake Vickistad, NH",1333,3027.78,2025-04-14T09:11:27.712720,delivered
b1fc0862-8883-4702-980b-d0bb1bbc93e8,"Ashleyborough, CT","Julianburgh, NV",2886,3290.09,2025-04-27T09:11:27.712805,pending
613afc9f-1f3a-4d56-986b-202540cd0d80,"Simpsontown, DE","South Gary, FL",2434,621.96,2025-04-21T09:11:27.712921,delivered
fb259db7-1326-4e00-ace5-aedc08a47eee,"Karabury, KY","Kaitlynport, FL",1766,2316.92,2025-04-28T09:11:27.713001,in_transit
3d08f6ef-1c22-483d-9cf4-e418ce29ebd4,"Timothyshire, UT","Jesseshire, KY",1180,1509.99,2025-04-26T09:11:27.713076,in_transit
ee970dc4-beb9-4ced-9f3e-a250d713551a,"Briantown, SC","Claytonmouth, NM",3502,2455.67,2025-04-11T09:11:27.713255,in_transit
0622cbff-a874-449e-8a1a-ba122bc39350,"Lake Clinton, LA","Schultzview, RI",1188,4727.14,2025-04-10T09:11:27.713345,in_transit
dd2fffde-5736-4024-8490-95eca1f348ef,"Ginahaven, VT","Lake Ashley, CO",557,683.11,2025-04-20T09:11:27.713422,delivered
4437a4ba-ec3d-4b71-a722-a84931dcb8c4,"North Rebecca, PW","Rogersmouth, AS",3020,978.79,2025-04-29T09:11:27.713508,delivered
464fd480-0eb5-4e50-8de4-31ffef65eab6,"East Elizabethview, MT","South Jeffrey, KY",1383,2856.78,2025-05-01T09:11:27.713583,in_transit
0257746c-5601-4fbf-84a9-462387e73d9b,"Lake Jeffrey, MD","North Nicholas, IN",1196,3541.33,2025-04-26T09:11:27.713656,pending
7b2a9733-01ac-40fa-bec8-0a7363679d7b,"Ashleyland, VT","Mackton, WV",1611,3431.89,2025-04-07T09:11:27.713739,pending
94e31d67-afb7-479f-bae5-87fde5c8934d,"Port Cynthiaville, ND","Katelynview, PR",4702,1898.5,2025-04-13T09:11:27.713813,delivered
1dc0d276-403b-436e-a208-73ab03ccab90,"Port Melissa, GU","Martinezborough, KY",2602,386.18,2025-04-28T09:11:27.713895,in_transit
de69af4c-6099-4631-8add-6df9ade79e3c,"Hardyborough, AK","Port Drew, FM",1236,1202.92,2025-04-26T09:11:27.713978,pending
13b48a2e-545c-4787-a668-700ce00126b1,"North Samanthamouth, AZ","West Christopher, MD",1683,3749.01,2025-04-09T09:11:27.714051,delivered
a26b359c-c270-44c7-a610-ae7ac9e8754c,"Hodgehaven, RI","Anneshire, GA",4659,1544.26,2025-04-07T09:11:27.714133,delivered
4ef15cb4-762d-4abf-80bc-8f641fd56021,"New Johnton, FM","Lyonsland, MP",1075,2396.34,2025-04-29T09:11:27.714216,in_transit
70c8ce44-c9a4-44c8-b3f3-ec42e63e261a,"Port Holly, WI","Jenkinsberg, AZ",2752,1918.34,2025-04-12T09:11:27.714299,delivered
d0d3305c-e491-433f-b665-72f9c3f4d97d,"Meganburgh, IN","South Rachael, LA",2571,229.87,2025-04-12T09:11:27.714369,delivered
fd26c5c1-f16f-45b3-af7f-2d8204482200,"Port Jacobfurt, VT","New William, FL",3388,1279.91,2025-04-05T09:11:27.714441,in_transit
01ae8402-65aa-49b2-8d1d-a14afbc32235,"Port Trevor, VT","West Stephanie, MD",1722,1781.94,2025-04-26T09:11:27.714511,pending
3a508963-7a47-44b4-b471-b709c1ca76e0,"Meaganhaven, NH","East Matthewfurt, KY",3176,1775.35,2025-04-19T09:11:27.714584,in_transit
cb69d6ee-d433-4e4d-a983-09b05532dabc,"Martinezhaven, AS","South Kathleen, GA",653,2630.68,2025-04-04T09:11:27.714666,delivered
9363e3e1-aab5-4822-986d-d7b164af7d91,"Debraborough, SC","Erikabury, NH",2426,2942.01,2025-04-15T09:11:27.714736,pending
d9d17409-041b-4c19-977d-5de1c9fb5e6a,"North Roy, GU","East Veronicashire, ID",593,308.04,2025-04-24T09:11:27.714940,in_transit
dd6e8dd8-0e19-4342-bbaa-e25415d3d89d,"Stevestad, OK","Ellistown, CO",3876,2317.74,2025-04-28T09:11:27.715039,pending
ae8457c6-7aff-4abd-b20a-251e35f9c37d,"North Connie, ID","North Christian, MO",2793,2900.71,2025-04-05T09:11:27.715115,in_transit
977d33d2-b1c0-416c-aba0-e018b8ec407d,"Roberthaven, MD","Richhaven, CT",1565,3492.11,2025-04-23T09:11:27.715200,in_transit
0ca1cd90-0cd2-4039-a70a-08c6dd14dcac,"West Kristin, MI","Amberton, AZ",2166,633.9,2025-04-28T09:11:27.715272,pending
32f1074d-6b22-49fe-9e9d-34463453363b,"Patrickberg, CO","South Laurenside, ID",2248,2318.22,2025-05-03T09:11:27.715345,in_transit
eaabb8ba-6320-4bbe-91b0-825bbe389ff3,"South Jefferychester, UT","Veronicabury, VT",754,4863.77,2025-04-11T09:11:27.715417,pending
c48624c5-fdf4-4dd8-97d4-99489eb223bb,"Brownshire, OK","East Nicholasfort, WV",4325,2370.82,2025-04-30T09:11:27.715503,delivered
0aed5158-a70e-4735-be11-c4f5b1a04583,"Riverafort, FM","West Samanthaburgh, TN",886,3837.11,2025-05-04T09:11:27.715637,delivered
629dc55a-7422-4aa9-b32b-ea88faa25a76,"Port Nathanland, PA","Brianstad, CT",3342,3990.41,2025-04-07T09:11:27.715723,pending
6493cde9-290f-4c22-8b18-fe16e9bb12db,"Lake Tiffanyville, TX","Port Krystalfurt, IL",529,4411.99,2025-04-27T09:11:27.715800,delivered
70c062d0-7a16-41ba-b127-6c086ff3e236,"North Amanda, AK","West Patricia, TN",2047,2819.18,2025-04-26T09:11:27.715917,delivered
37443f73-c776-48f5-b5a9-85724f5b5d5e,"Port Thomasland, VI","South David, MO",2767,3433.71,2025-04-23T09:11:27.716004,delivered
9cc6385c-0f9a-426f-b747-4395d34d48ee,"Port Kevin, MA","North Jim, MH",4497,1683.53,2025-04-04T09:11:27.716078,delivered
563fdb85-38d2-4ea9-a293-9687a6d34c13,"South Jessicafurt, NY","Vanessaberg, IA",4071,778.67,2025-04-29T09:11:27.716153,delivered
ba464134-7e62-45b3-a2b7-26f654f4f60e,"Lake Robertland, WA","New Leahview, NH",3536,943.65,2025-04-17T09:11:27.716251,in_transit
75106071-83d1-4890-a850-080d22e3f0ab,"Samanthaport, PR","South William, AK",4995,2980.59,2025-04-13T09:11:27.716333,in_transit
2645aef2-6b79-4c8f-8520-95d3f6b085fd,"Martinezmouth, UT","Port Rachel, AL",4935,1779.73,2025-04-21T09:11:27.716422,delivered
1dafb938-d356-4f21-90dc-41e58ca241c9,"Paulland, LA","Bradberg, AK",4306,4498.7,2025-04-04T09:11:27.716505,pending
c1076bc2-c504-4b4e-92cf-7d77b0b62238,"South Brenda, NE","New Mark, HI",1731,3115.13,2025-04-09T09:11:27.716584,delivered
e33fb370-ff0a-4881-8294-e2c85b10b62e,"East Elijah, KS","Lake Lindsey, CT",4213,1324.5,2025-04-11T09:11:27.716664,in_transit
32a87607-31a3-4f05-9deb-a9593cbb8cb7,"Lake Danielberg, TN","Kimberlyfurt, IA",1592,766.57,2025-04-06T09:11:27.716743,delivered
b00f5f4e-0536-4999-ad61-760130d57d9b,"South Mariachester, PW","West Davidtown, GA",568,2549.82,2025-04-04T09:11:27.716825,in_transit
f9d14101-fca0-442e-838d-e609d595010f,"South Aaron, VA","New Meagan, WV",2984,557.77,2025-04-23T09:11:27.716922,in_transit
04bfdfa3-2fb1-4e31-a3e9-fd789d68a2fd,"Port Bridgetborough, AK","Deniseburgh, CA",4650,3546.3,2025-04-22T09:11:27.717580,delivered
ee953f88-7712-4304-ba23-56a3fd990761,"New Nicholaschester, RI","North Ashley, AL",1462,1987.88,2025-04-14T09:11:27.717667,delivered
c0265c6d-fc46-4b4b-a7a5-5ccec32585dc,"Jenniferchester, MT","East Christopherbury, MT",4666,721.31,2025-04-14T09:11:27.717746,in_transit
98966d8a-ee39-49c3-bb31-0f36ace2ae0f,"West Jose, CO","Joycefurt, SD",809,3925.34,2025-04-22T09:11:27.717919,pending
f03b390c-7db7-4392-84bc-2cac45010916,"Port Richardland, PR","South Veronica, WA",1390,1386.12,2025-04-12T09:11:27.718009,delivered
1004521a-37b5-4b8a-bd1a-d39ec87349e9,"South Heather, ME","Perezton, TX",734,1684.7,2025-04-13T09:11:27.718094,in_transit
2bd8165c-2129-4ce1-8ff2-0e93efc2e1fe,"Herreraland, DC","East Petershire, PW",1917,4723.77,2025-04-04T09:11:27.718182,in_transit
602149bd-8d3c-4260-9d24-673953154562,"West Tanyashire, NM","New Katherinechester, WV",825,4364.26,2025-05-01T09:11:27.718260,delivered
cf5c275d-1ea4-4eaa-87d7-beb36ecca967,"Connieville, MH","New Matthewchester, IA",2008,450.02,2025-04-20T09:11:27.718335,delivered
3e97371c-efac-4f66-a37b-5b8330e54d52,"Lake Michellefurt, WV","Hessside, NY",4173,3819.48,2025-04-28T09:11:27.718421,pending
6e8a997e-6f16-4ec8-ad25-491bb21f4727,"Ianborough, NM","Markside, MH",3075,743.78,2025-04-23T09:11:27.718493,pending
6cff479f-6095-4150-ae8f-ad0fb6a8deb9,"West Michele, SC","Jamesmouth, WA",4148,4998.43,2025-04-16T09:11:27.718565,delivered
ee5aed76-e2b5-4fae-a2da-5bce1b74ae40,"Hoodfurt, TX","Lindamouth, SD",3922,378.22,2025-04-23T09:11:27.718647,in_transit
edb73078-0754-43dc-856c-bf4d8aa91d16,"West Krystal, NE","Millerberg, IL",1167,2146.1,2025-04-26T09:11:27.718729,in_transit
a34c1475-e6f9-4970-bf85-c8b30f502484,"South Scott, AR","West Kimberly, SC",3662,4131.61,2025-04-25T09:11:27.718800,pending
b3a2d6be-58d9-433e-aa1e-2524e9dfbebd,"Carrollborough, MT","West Tylermouth, SD",1452,3125.4,2025-04-06T09:11:27.718886,pending
c8d0b32f-c736-42fd-bc95-c5e38276154b,"Lake Laurenburgh, MO","Thomasborough, PA",3721,805.92,2025-05-04T09:11:27.718988,in_transit
88caabb6-1cd0-4a10-a51d-fecbd92c09ae,"Marquezbury, GA","Michaelhaven, UT",4779,3798.27,2025-04-21T09:11:27.719078,delivered
5a057df6-5f6b-49be-b1ed-1c1b71fd6e84,"Deanland, IN","Lauraside, DE",1600,4516.42,2025-04-13T09:11:27.719162,in_transit
fcf2ac86-062f-4a0c-b5ed-4102ecaf04a8,"Weststad, NM","Johnsonville, CO",3730,2856.81,2025-04-29T09:11:27.719258,in_transit
b538795f-1ba9-4671-b1db-2b26b8bc6358,"North Vanessaburgh, NH","Wendyfort, OH",892,4304.86,2025-04-29T09:11:27.719393,pending
901ec332-f8d1-42e5-873a-26206b39761b,"Timothyland, PW","Vanessaport, WI",3762,321.76,2025-04-22T09:11:27.719470,pending
46137211-fc71-49a8-ad9f-5a6569691618,"New Scott, NM","New Carolynton, OK",1732,1381.29,2025-04-30T09:11:27.719546,delivered
27118223-1a8c-4ff7-a157-620160cd4242,"Reevesbury, MP","Davidbury, MI",4452,3352.74,2025-04-25T09:11:27.719633,pending
cca23cb3-9a89-4110-ba08-8f5978486a40,"Michellebury, CA","Port Adam, WA",503,2471.54,2025-04-12T09:11:27.719706,in_transit
0821b95f-b9cc-47dd-ad7c-21f6c26c26fd,"New Jessicachester, UT","Ronaldview, CT",2195,4851.02,2025-04-29T09:11:27.719781,pending
c5f71753-fef7-4d10-9030-53e7e23d8fda,"Christyhaven, VA","Riddlefort, DC",1580,4943.81,2025-04-09T09:11:27.719867,delivered
68882735-5217-4c8e-a365-5d456451edc7,"New Joannebury, AZ","Knoxtown, MO",3399,2898.03,2025-04-15T09:11:27.719955,delivered
5182b13e-52ee-419f-ad22-761cf423f3d0,"East Reginald, AK","Duartechester, OH",2879,4567.18,2025-04-16T09:11:27.720044,delivered
04374e89-ed27-4149-b156-efae1e635261,"Santiagoport, FM","Schmidtchester, CO",1503,2399.54,2025-05-02T09:11:27.720139,pending
b63ab829-3486-4723-bebf-7f6dc39d53a3,"North Kimberlyview, NV","New Ethan, WY",1957,3544.95,2025-04-11T09:11:27.720215,pending
42e4af81-62f4-4a6b-b648-4941e69de751,"Mitchelltown, DE","South Hollyburgh, KY",3926,3068.81,2025-04-16T09:11:27.720301,in_transit
f1491d1a-7127-4feb-8b73-425dd0ac6e44,"West Anthony, ME","Lisatown, PW",3561,1637.85,2025-04-11T09:11:27.720372,pending
f3d52553-37b3-4abf-b368-a0587716845f,"Anthonyhaven, KY","Aaronfurt, NV",2726,2045.44,2025-04-12T09:11:27.720443,delivered
0c19904c-2393-428b-9d57-1dc7d569a6d7,"New Joseph, SD","Port Megan, MD",706,2520.84,2025-05-01T09:11:27.720513,in_transit
4a1f4840-32df-476b-bbcf-46ad7087a777,"Port Christian, AL","Shafferland, DC",2080,4864.64,2025-04-09T09:11:27.720596,in_transit
f80a3197-c3ba-4706-ba88-850273d31219,"West Philipmouth, NE","New Anthony, DE",3824,2175.26,2025-04-12T09:11:27.720671,in_transit
f0cbbfe7-37b9-4c52-8a55-9c6c401738ea,"Hawkinsstad, NE","Michaelville, PW",1493,3501.88,2025-04-19T09:11:27.720754,pending
31638fc0-f43c-4849-8a9b-8a229a237c33,"South Bethmouth, WA","Williamville, WI",1587,4404.73,2025-04-13T09:11:27.720828,in_transit
ae1d5d7f-b6e7-4f33-9588-337c2241c2c5,"North Abigail, MI","West Jamie, NJ",2144,3005.61,2025-04-08T09:11:27.720914,delivered
1e60886a-c163-4da2-9733-30752a1a851d,"Caldwellburgh, TX","Spenceville, GA",3032,4761.6,2025-04-17T09:11:27.721018,delivered
04cfba97-068d-4d98-9fca-2825f56466f8,"West Matthewstad, NH","South Jason, SC",1455,1119.68,2025-04-08T09:11:27.721095,delivered
a04ccca8-d086-419d-bbf7-923b7c68d8db,"North Peter, TN","Port Breannachester, ND",3186,1964.18,2025-04-07T09:11:27.721170,delivered
c5f3703b-531e-49d3-a4d5-039239e63720,"New Justinberg, CT","Port Wesleyview, IN",3974,709.26,2025-04-12T09:11:27.721245,in_transit
a13f7756-1996-46fa-96ca-aa043d42b20f,"Sarahstad, PA","North Jennifer, FM",3513,2667.12,2025-05-01T09:11:27.721318,in_transit
a23928d8-5e8b-495b-b264-aacab4018b79,"South Mary, MI","Jasonbury, KS",4538,3384.89,2025-04-04T09:11:27.721389,in_transit
e8acc769-cffd-4165-9be2-4d64dc7b6f00,"West Christopher, PR","Frankside, OH",2062,1220.89,2025-04-07T09:11:27.721472,delivered
c19d3be4-220e-49d4-86ac-9b2b78c07172,"Wagnerstad, MD","Thomasmouth, GU",3176,2398.58,2025-04-29T09:11:27.721555,in_transit
a9ece6db-3a05-4418-81c5-0fea6f1fac40,"North Timothy, FM","Lake Jimmystad, NE",2308,284.74,2025-04-22T09:11:27.721633,pending
e4412a55-56fc-4460-b468-190b6a0064b1,"North Kellyshire, ME","North Robertport, VA",4661,3751.41,2025-04-10T09:11:27.721709,in_transit
ed8d89e0-8e2a-440c-a3c5-f3851e5857b4,"West Edward, KY","New Elizabethmouth, ID",3507,4341.63,2025-04-28T09:11:27.721783,delivered
ac79f0ae-4b77-49d6-bca8-7ce0836e39b1,"East Stephanie, MP","Rubenport, ME",986,1135.12,2025-04-11T09:11:27.721857,pending
bec7c568-6b1b-4de9-9b7c-ce576390c3a9,"Lake Stephanieton, CT","Adrianahaven, NJ",790,3024.53,2025-05-03T09:11:27.721933,delivered
58cd49a8-f613-4f41-9dfb-713ba4708cfa,"Carrollfurt, GU","Lake Masonberg, RI",3733,1785.35,2025-04-20T09:11:27.722024,pending
7ef53de4-0c99-4f9e-8ceb-df6a0c8e1b6d,"Christopherville, NV","West Melindamouth, GU",4029,2300.18,2025-04-10T09:11:27.722101,delivered
2642fc9e-d94d-40d5-9562-c98989cfdd7d,"Aaronburgh, KY","Lake Timmouth, IL",2860,1048.37,2025-04-13T09:11:27.722177,in_transit
58ee8e5d-13cb-4058-a763-696291d7bf56,"Port Davidland, AK","Angelaport, PW",1232,4970.62,2025-04-24T09:11:27.722251,delivered
82535636-17bd-40af-8b98-cab40e50562b,"Emilymouth, DC","East Cheyenneland, AS",4672,2360.63,2025-04-04T09:11:27.722324,delivered
a9a88609-bad3-4f62-8d32-533bb5cda3bf,"Davidside, NJ","West Derek, CO",4601,216.88,2025-04-28T09:11:27.722398,delivered
afdb9eaa-3821-40ff-b35e-71a8f7648213,"Andrewstad, GU","Lake Alexside, ME",1352,287.39,2025-04-29T09:11:27.722473,pending
5dc1cafe-2372-44dc-b28e-fef474b32ad6,"Port Thomas, SD","East Jacquelineland, MS",1305,2357.75,2025-04-22T09:11:27.722550,in_transit
ba88c389-b2ab-430d-b33e-2339a63a4028,"Port Crystal, TN","Ashleyshire, CT",571,1246.06,2025-04-04T09:11:27.722725,pending
82ec2477-e65a-4aa7-8d67-581eff2fb816,"Morrisonton, WA","Lindseychester, KS",3775,797.44,2025-04-06T09:11:27.722814,delivered
1595f055-de4b-4a89-a046-5b578074cab0,"Leslieberg, ND","North Johnshire, AR",1932,1706.89,2025-04-11T09:11:27.722891,delivered
f65766d6-252d-44e2-9a8a-6ed4d1434a5e,"South Sara, WA","Ashleyland, DE",2988,4863.0,2025-05-03T09:11:27.722986,pending
5373220b-ad37-4d36-8383-5cdad05eac7c,"East Joseton, DE","Tuckerfurt, MP",2599,1699.94,2025-04-24T09:11:27.723080,in_transit
d6a88c87-a80a-4edd-98ed-f9b9c37d3fe9,"West William, MA","Penaton, SD",2460,3841.98,2025-04-17T09:11:27.723168,pending
bc559b12-97f6-4eed-b2a9-cd625b98c379,"Goodton, MA","West Jerryside, MI",1276,3026.53,2025-04-08T09:11:27.723273,in_transit
efb8e8f9-4729-45b2-8966-9aa0fe2a4ac9,"Jacquelinechester, DC","Ryanfurt, IL",1694,515.96,2025-05-04T09:11:27.723358,delivered
40ae5fa0-4b85-436d-9b8c-afee1d53fe41,"East Williamborough, MS","Jennifermouth, VT",3508,3902.55,2025-05-03T09:11:27.723438,in_transit
645270c1-3901-42c0-b111-d4d03958add6,"Lake Kenneth, MH","Lake David, NH",977,2195.75,2025-04-16T09:11:27.723513,in_transit
52301cad-8974-4ea4-b028-fbdbb50264b6,"Mcdonaldberg, OR","Lake Barbara, WV",2056,2486.47,2025-04-13T09:11:27.723601,delivered
3e6ed511-5c74-4e3d-bb75-4c6f2051c4a2,"Lake Daniel, MH","South Kathleenbury, IN",2425,884.64,2025-04-15T09:11:27.723925,pending
d6b4cea1-89d6-46b2-ac5d-164a01f63147,"Michealview, TN","Ortizburgh, PA",1741,1934.55,2025-04-05T09:11:27.724333,in_transit
c645d9ae-f443-433b-b9c5-b17d03ae0d0b,"Adamsville, OK","Heatherchester, WV",4790,1351.02,2025-04-26T09:11:27.724427,delivered
0df5aa2d-2610-42c8-8286-7d8220fa195b,"Brownberg, NY","East Jenniferside, WA",1923,2772.36,2025-04-15T09:11:27.724603,pending
ee736d6d-f102-426a-a2ba-9f3c318e9b2e,"Callahanfurt, CT","Jefferyfurt, NM",3418,4113.4,2025-04-04T09:11:27.724698,in_transit
65c09268-df15-4491-a644-69e23095d05c,"Justinview, MI","Joseport, PA",2868,2221.41,2025-04-07T09:11:27.724789,pending
2fdb562e-1a0a-449c-81a4-419ebcbb8434,"Timothymouth, AS","New Ryanton, MN",1659,4064.8,2025-04-27T09:11:27.724868,in_transit
d441250e-f105-4cd4-9f79-5cac71d0a7ea,"South Brandyhaven, IN","Barrettton, PA",3393,3617.69,2025-04-26T09:11:27.724979,delivered
14ec9ed1-ee93-47bc-abb6-04cf82fc5751,"Batesstad, OR","East David, NE",3891,1093.08,2025-04-09T09:11:27.725072,pending
d6c8e97e-ba4c-494a-97bd-2ca59e7cabc6,"East Alisonmouth, MD","Williamsport, MH",3370,4433.42,2025-04-18T09:11:27.725163,pending
6c3ad3af-3de3-41a0-8977-1729ffd73d6c,"East Vickieview, LA","Jamesberg, MA",4930,4323.45,2025-04-28T09:11:27.725242,delivered
665adf3f-51f2-4a06-bce4-3320e7e8a8dc,"Port Blake, CO","Moranchester, NM",1217,442.09,2025-04-17T09:11:27.725329,pending
635b1d76-f46b-4a69-8e6e-badec3b7e228,"Watsonton, VT","Rochaland, MS",1925,2466.55,2025-04-25T09:11:27.725427,delivered
7dc43709-8bc4-491c-a812-2bb661732906,"South Lisaside, MH","South Hollychester, OK",1999,3098.91,2025-05-03T09:11:27.725553,in_transit
ba7401e0-8ae5-4342-9d36-f37d210d035b,"Port Toddton, MT","East Scott, GA",3252,3125.49,2025-04-25T09:11:27.725635,in_transit
e375fe5b-62ee-466f-8274-d155e3f233da,"Jamieborough, WV","Mooreville, MH",3623,2670.44,2025-04-22T09:11:27.725722,in_transit
dfd345f5-b1e5-4c69-8112-cbbe0a2cb21a,"East Morgan, NV","Martinezburgh, DC",3174,1345.08,2025-04-13T09:11:27.725810,pending
877b7ec9-5544-46dc-b805-4cfc922f25d6,"Olsenport, PW","Lake Jeffrey, WA",2408,3316.33,2025-05-04T09:11:27.725897,in_transit
d8fa23c9-2813-4818-a7bd-702bc3662379,"New Charlesside, MD","South Jessicaside, AK",873,4619.02,2025-04-20T09:11:27.725975,pending
08a57afe-5985-47c2-90e9-f2d547e8e9af,"Delgadoside, IL","Bakerton, VT",4180,3884.69,2025-04-24T09:11:27.726075,pending
1a362871-8a6e-447e-aabb-8c245f3df3f0,"Lake Stephanie, VI","West Juan, OH",1698,3482.72,2025-04-07T09:11:27.726150,pending
ce84d785-8613-463f-bdd8-1644c91f74ad,"Ryanberg, CO","Jessetown, CO",4400,3575.73,2025-04-27T09:11:27.726224,delivered
6925e5ba-5aec-496f-bf4e-1fbb4c803b2b,"New James, LA","East Louisfurt, LA",1927,2505.38,2025-04-11T09:11:27.726297,in_transit
bc31b937-f212-46b0-9098-1661425ad574,"Yumouth, TX","Whiteside, OR",3386,2313.7,2025-04-28T09:11:27.726394,pending
7a8869a1-0225-4059-800a-285e34e7f1bc,"Ronaldfurt, PA","Johnsonland, UT",4188,4858.15,2025-04-15T09:11:27.726479,delivered
ee34a5d2-aa42-40fb-9648-dbb47927cf31,"East Jessemouth, MI","East Richard, NJ",4756,3188.66,2025-04-27T09:11:27.726554,pending
2eac68e5-7c75-4fac-b027-be0463c54abc,"Port Adammouth, AL","Juliaview, NE",3451,1697.45,2025-04-21T09:11:27.726629,in_transit
0b9f24f4-3686-438e-a019-9575b9b89040,"Karenmouth, AZ","South Robert, FL",3409,1071.7,2025-04-30T09:11:27.726702,in_transit
a81bc5d7-f74e-42cf-963b-2b3e60b9ac4d,"Leefurt, TN","South Davidborough, DE",3247,2580.88,2025-04-05T09:11:27.726789,in_transit
13ff78e5-c119-496e-bce0-f6fa5e9cfa62,"Justinmouth, PW","North Theresa, UT",618,2012.65,2025-04-07T09:11:27.726861,pending
75585cf9-4b4b-4795-ae67-8ef673f7d58b,"Williamside, TN","West Robert, NC",884,3726.7,2025-04-27T09:11:27.726952,in_transit
48b0244a-b1b9-4d69-86a3-29df08eb5c56,"Ericfort, MD","Ramirezshire, GA",4449,4173.01,2025-04-22T09:11:27.727050,in_transit
cfbc8088-9fdf-4411-a5ab-4a5a28d0c12f,"Sallyport, SC","West Rebeccaborough, ID",1210,3618.87,2025-04-04T09:11:27.727130,pending
31b3aae6-c214-4942-b652-4091ceac9ffc,"Lake Scotthaven, TX","Port Davidview, ID",2370,2769.42,2025-04-05T09:11:27.727250,in_transit
591f6705-fccb-4fd6-9381-fa7e41ea117f,"North Matthew, NV","Santanaton, WI",4134,2646.76,2025-04-07T09:11:27.727347,in_transit
8c5696c7-eb4b-43c3-b79d-bb1a82a64bc8,"Wademouth, OK","Wangbury, SD",4770,3421.82,2025-04-10T09:11:27.727447,pending
77ef56f3-d695-4a3c-a7ad-87b2d9d41d4f,"Galvanmouth, NY","Joshuaborough, PW",1638,207.33,2025-04-09T09:11:27.727537,in_transit
ee58e8d5-4d4e-44d5-8108-185254d801fc,"Hollowaybury, AS","Lake Jesse, ND",585,4435.33,2025-04-08T09:11:27.727625,in_transit
5bb5cee3-c0a6-4bb0-9506-df78bd0d7f58,"Michellefurt, DE","Jameschester, NV",2605,411.56,2025-04-15T09:11:27.727701,in_transit
33c0cb8a-31a9-4bb5-b39e-ff846fc8e820,"Smithmouth, KY","Loweryland, AK",2935,4354.97,2025-04-25T09:11:27.727800,pending
e426cc90-26f2-40b5-995e-16177754d0a2,"Garciamouth, VT","Brookshaven, RI",2862,1739.06,2025-04-29T09:11:27.727899,pending
5306a9bc-cbee-4e48-9e80-10495ff78c22,"Williamstown, NC","West Alicia, SD",3322,1549.32,2025-04-18T09:11:27.727986,delivered
b156ad7f-ef6b-4fc1-8c7a-fb4e38304786,"Port Joannastad, KS","Halefort, NC",4816,1138.11,2025-05-01T09:11:27.728073,in_transit
b5a4506e-fcbb-49b7-8a4d-54a4f75a901d,"West Christopher, DC","Grayburgh, NY",1154,4948.66,2025-04-16T09:11:27.728161,pending
0d34a027-6af8-47b3-aeb2-6798827a4789,"Sanchezstad, UT","Stricklandshire, CA",4878,1017.26,2025-04-10T09:11:27.728259,delivered
19c9de70-8023-4b88-a8f9-741f50fceae5,"Jamesside, VA","Sarachester, IA",543,2114.22,2025-04-10T09:11:27.728335,delivered
584d031f-94c6-4284-a41c-dcccdbabcce5,"Jackiemouth, OK","Geraldborough, DC",4142,4298.42,2025-04-12T09:11:27.728409,delivered
9c9a66f5-5a0e-4d6b-977a-20c812fc0f7e,"North Danielle, KY","Bentonshire, WV",4492,1901.48,2025-04-11T09:11:27.728499,delivered
65bad585-8050-4e0b-92f0-5dbec18e8137,"Port Christopherton, MS","Port Christine, IN",3354,2252.46,2025-05-04T09:11:27.728576,delivered
b3904722-07a8-4bc3-b42e-237e7dc0b610,"Cruzside, MT","West Natalie, VA",4601,2835.46,2025-04-11T09:11:27.728663,pending
fa9e3813-a173-453c-9c89-5b9c60fb64d1,"North Trevorhaven, TX","Natashaberg, GU",623,257.55,2025-04-24T09:11:27.728739,pending
76dd28de-190b-41ca-a154-313ccd7bc4e2,"Emilyport, CO","West Moniqueborough, SD",4921,1362.06,2025-05-02T09:11:27.728814,pending
ae2bd9f3-f3e6-48cd-98d6-b4b21a407197,"Darinton, AS","Port Sherry, OK",4564,641.31,2025-04-22T09:11:27.728888,pending
102f618e-41f0-4c13-a205-0c73acf90f2f,"Richardmouth, NH","Charlotteberg, ME",4196,838.17,2025-04-29T09:11:27.728985,delivered
7571a0e9-23c3-40fa-8dd7-6b39b7fd8d1c,"North Joseph, AR","New Adam, AL",684,2847.21,2025-04-15T09:11:27.729067,in_transit
1c4b120b-8221-475d-ba24-e08dc3d17c66,"Lake Amber, NH","Melissatown, UT",4199,4987.88,2025-04-23T09:11:27.729143,pending
4593988d-df13-46a5-9d3f-2188bc76fff6,"Walkerhaven, CT","Port Jorge, TX",3461,1230.54,2025-04-25T09:11:27.729231,in_transit
82108df0-4c19-4652-9b4c-a134a92a2c93,"Williammouth, MD","North Valerie, NY",2358,1398.42,2025-04-09T09:11:27.729307,pending
a3f42a0f-4a1b-41ff-8562-79340de6688f,"West Albert, WY","East Duane, ME",2612,4652.89,2025-04-06T09:11:27.729379,delivered
baa64cad-fb81-4586-81ab-f3e540715cf4,"West Victoria, AZ","West Alanchester, IN",1305,2035.39,2025-04-18T09:11:27.729452,in_transit
723ea9c5-0fbb-4cbe-a8f0-3ef63ea84d96,"East Donaldfurt, GU","Danielchester, OK",776,4224.85,2025-05-01T09:11:27.729526,pending
44f8b53b-b763-46da-a90a-95ce0623e5e1,"Michaelberg, OK","Jacobburgh, HI",3646,1119.58,2025-04-12T09:11:27.729599,pending
2100fbef-3089-49f2-8aff-cc22552b4917,"East Annaburgh, DC","Dyertown, SC",2309,4373.69,2025-04-15T09:11:27.729684,pending
a11ea0d5-20eb-4ab8-9e6f-241b0b1ecaee,"North Nathan, WA","North Jasmine, DC",660,4488.2,2025-04-07T09:11:27.729757,in_transit
5c759f7b-6fd3-4128-998c-5f2de7abf5f2,"Lake Mirandaport, CA","Christyville, NH",1705,321.6,2025-04-20T09:11:27.729831,in_transit
8398ac66-4dc2-40dd-8780-77a457110e06,"Jacobsburgh, WY","Lake Victoriaberg, DC",2774,2290.26,2025-04-19T09:11:27.729919,in_transit
4336e82e-1381-4d7d-8751-2f36198878f4,"West Randall, KS","Haleyberg, OH",899,3938.39,2025-04-24T09:11:27.729992,delivered
0d2c211e-1a9c-4830-8100-6eba8d6627a1,"Simsmouth, VI","Richardfort, OR",1872,2098.47,2025-04-22T09:11:27.730078,delivered
a3403517-3ffa-4f81-b874-f165df0e7e73,"West Kathrynland, ND","East Kevinfurt, WI",3298,1061.84,2025-05-01T09:11:27.730153,pending
fd014604-6782-43f3-91da-ae8b89863823,"East Mitchellbury, WY","Karentown, VT",4581,840.13,2025-04-07T09:11:27.730229,delivered
34d18ecf-ac3c-4d4e-ada0-9756a94db116,"Phillipsstad, VT","Adamsland, WI",1319,3169.78,2025-04-18T09:11:27.730348,delivered
796cce17-b50e-4847-ac8e-adac994afc91,"North Tami, IA","East Virginiaberg, PW",4820,418.78,2025-04-09T09:11:27.730937,pending
6a4853f3-0475-4928-bbcd-3aa8dd8f7f59,"Nixonport, MO","Lake Caitlinton, NV",2019,2079.05,2025-04-27T09:11:27.731042,pending
a79a180d-641f-4eab-8e86-1419a7e96479,"South Edward, AL","Lake Thomas, DE",4183,973.47,2025-04-21T09:11:27.731118,pending
166fe98c-ed43-4659-9c7c-cf2310daffe4,"Port Courtneyville, SD","New Timothyberg, AS",2285,2523.36,2025-04-18T09:11:27.731196,in_transit
2632c3d3-0956-44f1-afbd-a7251dcb89e1,"East Jaime, HI","Yvonnechester, IA",4952,1432.5,2025-04-07T09:11:27.731356,delivered
0bf5b543-c566-4f2a-8207-52fc3adced85,"Antoniobury, UT","New Jeffery, NJ",1958,4932.21,2025-04-04T09:11:27.731439,pending
d6296f00-a2f7-4919-9e75-34588920600c,"West Sethstad, TN","New Emilyshire, WY",4666,2433.97,2025-04-05T09:11:27.731521,pending
d49f630e-d790-449c-b439-338506d8d0d3,"Cooperhaven, TX","Lake Joseph, AR",2293,1618.25,2025-04-09T09:11:27.731657,pending
618f6943-3c2b-4584-a2a2-59826c699ed2,"Taylorton, SD","East Adam, IN",3119,3665.26,2025-04-28T09:11:27.731736,in_transit
f2b446f4-ce48-45b8-8a13-f69a2f614c85,"Christinashire, AS","Martinstad, AL",2031,1650.38,2025-05-01T09:11:27.731824,in_transit
87dc5c59-2009-4eb2-8ead-c1b214eeab7c,"Port Katiechester, WV","Mejiaview, IN",2506,776.33,2025-04-11T09:11:27.731913,delivered
c4c002a7-37a7-4714-84e8-3c1f85bfb6a4,"Lake Amyfurt, AZ","Thomasburgh, AL",2271,3293.67,2025-04-29T09:11:27.732003,pending
cfb29ea9-f05d-4d55-874f-2348b6964dcd,"West Joseph, MP","West Crystal, VI",3067,741.38,2025-04-30T09:11:27.732077,in_transit
db0beded-f01a-4913-8c79-a9a5eec30484,"Guerraburgh, OR","North Kristen, WV",1057,1244.24,2025-04-06T09:11:27.732163,pending
55045d74-b967-4685-9b4d-1838c0d61e10,"Lake Gregory, NE","Stephanieton, WA",2971,1641.5,2025-04-28T09:11:27.732236,pending
b61b9f02-bc37-4004-9c15-4737cf0a84ac,"Lake Christopherstad, WV","East Kayla, NJ",4774,4737.95,2025-04-18T09:11:27.732310,pending
8295e689-543a-4029-a272-f9777beb1ca6,"Rachelbury, AL","New Donald, AZ",2302,1859.73,2025-05-03T09:11:27.732381,in_transit
39ffd05c-df47-40bc-bf09-bc394808c3e6,"Torresstad, MT","Davidfurt, DE",4464,4011.57,2025-04-19T09:11:27.732466,in_transit
e259c91d-63b0-458d-a446-9619e8fdfda0,"Williamsborough, AR","East Pamela, MH",3824,1888.4,2025-04-30T09:11:27.732657,delivered
a5da22a4-34a1-4a17-a5b6-03e44d7ecb90,"Averyland, NJ","Donnamouth, MD",2033,1733.49,2025-04-18T09:11:27.732795,pending
333e2f37-7a6f-42be-afba-e51f757248a9,"Saraburgh, NH","Barnettland, NE",2386,3675.46,2025-04-08T09:11:27.732884,in_transit
c5ed669c-22b1-4eea-8e4a-517881cb3b0c,"New Wendybury, ME","Grayton, ND",2131,1957.74,2025-04-15T09:11:27.732970,delivered
a03e7b77-31d4-43d9-9202-b89e79a7924c,"Haletown, TX","Alexandermouth, CT",4560,2346.66,2025-04-04T09:11:27.733055,in_transit
1e29e955-61f3-4668-a23e-5281ea64f377,"East Jasonstad, VT","North Michaelbury, AZ",3016,3162.11,2025-04-09T09:11:27.733132,delivered
b037f149-2166-4530-863c-6cf982a708b1,"Amyville, MD","Mitchellport, OH",4453,3955.53,2025-04-11T09:11:27.733203,delivered
962e31c8-0159-440b-9cb8-587bc6eb9f0f,"Gregburgh, AR","Roseview, AS",2283,798.33,2025-04-19T09:11:27.733286,delivered
73f2aee2-e889-4fe2-bff8-86c0fce0db84,"Christopherview, NY","Brianchester, AK",1068,3860.29,2025-04-15T09:11:27.733358,delivered
3313c4f8-c971-47cf-9c99-533ee39c62dd,"Webbmouth, AS","Bishopburgh, NY",4948,2368.35,2025-04-15T09:11:27.733451,in_transit
3e288099-a9f6-48fb-b701-12b4fb638654,"Kaufmanville, OH","Wilsonfort, TN",4565,3854.98,2025-04-09T09:11:27.733543,delivered
434b0b4c-0c6b-4e11-88eb-c1d3462b9c6a,"West Megan, AZ","Port Joseph, NV",2484,1383.04,2025-04-09T09:11:27.733615,pending
58f7b554-ef20-40fa-956c-db853007866a,"Eatonhaven, ND","Kleinview, VA",1657,2510.51,2025-04-10T09:11:27.733715,delivered
c65a5185-9f75-480f-ae3b-83de850af18e,"Johnsonmouth, MA","Scottborough, IA",2951,4210.17,2025-04-07T09:11:27.733805,delivered
41e40907-fa9b-470a-9657-9acaee3368db,"North Sarah, VA","Romerofort, WA",1037,2730.69,2025-04-14T09:11:27.733888,delivered
1cc8f2a0-80f3-41ed-8b52-104da0dac824,"Lake Michaelborough, MH","Daniellemouth, ME",1305,3120.85,2025-04-13T09:11:27.733963,delivered
ac4bb49e-7af7-4774-b9c1-fdf91bbc7ab4,"Hernandezmouth, WA","Joshuamouth, AL",2152,4231.19,2025-04-29T09:11:27.734047,in_transit
3a4e5ef4-b7db-4590-9f9a-9792a725eb3a,"West Daniel, RI","South John, NC",2312,2622.26,2025-04-18T09:11:27.734120,delivered
1a1f4d82-0e93-47ea-b63d-2448d161eb6d,"Fordfort, GU","Port Tammy, NC",2587,2623.54,2025-04-11T09:11:27.734201,pending
bfcc1311-f716-417e-bea9-05368eb68ddd,"North Jonathan, AS","East Shawnview, WY",2224,3483.42,2025-04-21T09:11:27.734276,in_transit
99d64d9f-ddb8-41fb-869e-63086fc44745,"Longbury, FM","Kennethshire, WA",1969,2842.2,2025-04-12T09:11:27.734365,in_transit
670c5fb1-e197-4a8a-b950-b0162767caa9,"South Daniel, ME","South Michaelland, UT",2134,2766.86,2025-04-30T09:11:27.734437,delivered
da617784-b623-4fe1-9745-59a52b7212ff,"Christianhaven, DC","South Jeffrey, AZ",1904,2906.05,2025-04-04T09:11:27.734508,pending
5f117a21-c8ec-4bb4-a977-688b50240935,"Lambertburgh, MA","South Dave, WA",4667,1753.62,2025-04-24T09:11:27.734590,in_transit
44cda6a1-11bf-4470-b9ce-4ac35555e7fc,"North Mary, DC","Geraldmouth, CO",1132,3552.62,2025-04-21T09:11:27.734661,in_transit
e869f85a-4d65-4f9d-91e5-a2131def4b6c,"Sarahville, AS","West Stephanie, MN",3498,2566.63,2025-04-09T09:11:27.734806,delivered
91de0af3-73d4-4d48-b676-a4b971745dc8,"Mackenziehaven, AL","New Toniview, MA",1232,4645.09,2025-04-29T09:11:27.734891,in_transit
a261ee55-4d51-41d5-a045-74988b41c257,"North Brookeport, CO","Bakermouth, LA",2908,2668.77,2025-04-25T09:11:27.734983,delivered
53550435-1b03-4dd7-bc37-34f515d70323,"New Bethany, MT","North Carolineborough, MO",1103,918.59,2025-04-26T09:11:27.735060,in_transit
8666123a-e1bc-44ab-ac77-82e12e33554d,"East Teresamouth, KY","Christopherview, NV",4978,1625.94,2025-04-08T09:11:27.735135,pending
fc692cd0-57d1-4dfc-aa27-58700952c91e,"East Adamtown, VA","Owensfurt, WI",2922,4309.86,2025-04-20T09:11:27.735222,delivered
d7ad60fc-14b4-42b1-aaa8-b83e48ce887a,"South Bryan, UT","Dunlapstad, AZ",1825,4394.97,2025-04-12T09:11:27.735308,delivered
6b5ead4b-e1d6-49d9-b6ae-6016d84bcfb9,"Franklinmouth, DE","North Susan, PW",3508,2374.3,2025-04-29T09:11:27.735393,delivered
0669c1f4-c500-4dc4-b3e4-841bb8c29645,"New Mirandaburgh, OH","North Erinchester, AL",3682,3882.64,2025-04-05T09:11:27.735471,in_transit
1ac4c9ea-729b-486f-a7b5-aad6cbf04a99,"South Ashley, LA","Riveraside, MS",4091,3723.58,2025-05-02T09:11:27.735556,delivered
b884d7d0-06cd-4b57-ae4c-14ab736c35f1,"Port Garrett, VT","Port Nicholas, VA",3406,4706.99,2025-04-07T09:11:27.735629,in_transit
ceb77871-6e52-471c-8180-1d2c26da6ac1,"Sloanport, NC","Steventon, NE",4477,2618.57,2025-04-19T09:11:27.735714,pending
2b7671b3-dc88-4ad5-ae0f-788465046284,"Rodriguezview, PR","Garciaville, MO",3360,4493.86,2025-04-12T09:11:27.735810,delivered
e3003234-fa84-48b0-b63e-8e30c5dd9d71,"Jennaland, MS","East Brooke, MS",2654,2798.6,2025-04-15T09:11:27.735882,in_transit
35cb8107-08ed-442d-8468-dd920c6b6bac,"Taraberg, NH","Torresside, VT",2659,1832.65,2025-04-29T09:11:27.735966,delivered
3f730fe7-266b-450c-a439-1a4048dc3a9d,"South Ronaldfort, IA","South Stephanie, CA",4644,2466.32,2025-04-19T09:11:27.736040,delivered
ac69e767-96f8-40eb-bcf8-b3eaa6c38b8c,"New Loribury, ID","South Kennethton, DE",1428,4013.86,2025-04-27T09:11:27.736117,delivered
b65ea158-ef02-4762-8b76-d993faa7a47e,"Lake Lisa, MS","Stevenshire, PR",2092,2655.24,2025-04-27T09:11:27.736189,in_transit
f2a0612c-2726-4e4e-a151-08a26c0e4a23,"North Karen, MA","East Leeville, NY",1064,4537.98,2025-04-24T09:11:27.736262,pending
cff74671-0668-4b48-9a9c-56b6c3c3b6f4,"North Jennifer, TN","Crystalberg, WV",2457,1450.11,2025-04-20T09:11:27.736333,in_transit
afeaee06-7a95-43cc-a066-9942b21148c3,"Stephenborough, MT","North Lisaport, IN",1463,2894.53,2025-04-21T09:11:27.736406,delivered
30778908-b402-4567-9c07-40ae5d327237,"Michaelmouth, NE","North Anthony, OR",3152,3022.26,2025-04-29T09:11:27.736477,in_transit
4a295bf8-76c9-4704-bf0b-0dbbf06822be,"Evansburgh, ID","Barbarahaven, CO",729,1032.34,2025-04-10T09:11:27.736560,pending
d969082f-1eff-4ad3-94b7-1c4732a55379,"Lake Lisatown, IA","Robertfurt, NM",4740,3449.94,2025-04-20T09:11:27.736661,in_transit
f0b90ea1-8aa8-4fc4-8268-bacdfafc60a4,"South Robert, PW","East Mary, MD",519,3462.71,2025-04-11T09:11:27.736758,in_transit
f3a23361-d0f4-42c4-b0bb-c33621b50f01,"Jameschester, ID","Joeberg, KY",719,2599.31,2025-04-14T09:11:27.736837,delivered
2bc69d13-5213-43ba-a276-8ed47d472ff2,"North Samantha, OK","Carolinefort, WV",3647,2158.77,2025-04-24T09:11:27.736910,delivered
8c78ee4d-34c1-4d62-a4b5-bed058686267,"Brownburgh, GA","Brownton, VT",2567,4035.85,2025-04-22T09:11:27.737007,delivered
72a20b29-32fb-4706-9e8a-484e87823865,"East Eddie, PW","Paulview, PA",3266,221.96,2025-04-18T09:11:27.737080,pending
ef3af714-880f-49cc-af92-f3a2d38d4de1,"Floydstad, SC","Parksview, ND",4559,1217.84,2025-04-30T09:11:27.737764,delivered
ebebe811-ca88-43d2-bb66-5614bcbb046e,"East Robertside, DE","West Traciside, MD",2009,256.94,2025-04-10T09:11:27.737850,delivered
465eb4b0-5da9-4be8-976b-fc1e273bc57f,"Harrisborough, MA","Ronaldborough, OR",3249,1050.34,2025-04-22T09:11:27.738016,delivered
f659ee83-b850-461c-9126-8ee5ff74f9e5,"South Katrinaberg, AS","South Timothy, CO",3549,2782.16,2025-04-22T09:11:27.738100,in_transit
bcd576fd-7fa5-4c25-9804-7ed52df7cd32,"South Nicolehaven, ID","East David, PA",4495,2361.46,2025-04-20T09:11:27.738176,pending
3bdc35cd-2ed8-44f6-b267-a885205ffa36,"Port Timothy, OK","Butlerland, PR",4679,1456.52,2025-04-11T09:11:27.738263,pending
1bc54761-531e-436c-99ff-25acd2cf4bd0,"Lake Bobbyberg, WV","North Scotttown, NY",2113,2706.45,2025-04-29T09:11:27.738340,delivered
0b114ec9-c2b2-4ff5-aaf3-5463a29f81b0,"West Arthurburgh, DC","West Frank, ND",1015,3825.56,2025-04-16T09:11:27.738415,in_transit
8507cb3a-6ba9-475a-b2d3-bc04b83449aa,"Juanmouth, FL","Travisport, WV",821,1941.55,2025-04-16T09:11:27.738487,in_transit
4baba6e6-af98-45d1-9fdf-83f30077d41d,"Martinchester, AL","North Jeremiahborough, OH",3607,793.46,2025-05-04T09:11:27.738573,pending
1599177f-b8db-4938-91eb-33602b49fdd0,"Diazside, MI","Lake Susanfurt, VI",3004,2146.51,2025-04-20T09:11:27.738658,pending
fbdbff08-5dcd-4426-b73f-238cc7fcb21a,"Christophermouth, NE","South Jacob, AS",3499,4499.8,2025-04-24T09:11:27.738753,in_transit
5c6e2a32-1b21-4b38-84e8-df216a4d2703,"Gibsonville, VI","Robertsontown, PW",2044,3008.93,2025-04-26T09:11:27.738858,delivered
294253d8-54ab-4ab0-8192-e9095c9d29e5,"Port Debra, MP","Hillmouth, MP",2373,3913.98,2025-04-19T09:11:27.738943,pending
e87991bb-3b17-472f-a693-183ead08e64e,"New Melissa, FL","Garyshire, NV",4532,4434.61,2025-05-03T09:11:27.739016,pending
0ea0085f-9f54-4af6-bc63-cfd69a5a9534,"East Brenda, TN","Lake Susan, MA",4826,1311.36,2025-04-26T09:11:27.739086,pending
ea4fdb92-3082-4e66-8b6a-21477bc78c9a,"West Beverlyborough, NE","Port Joyce, WY",3010,2889.58,2025-04-18T09:11:27.739156,in_transit
178972e8-f50f-4ecc-8415-39083578a12c,"Pettyburgh, RI","Danielfurt, FL",3329,844.41,2025-04-04T09:11:27.739239,in_transit
e3b27a78-23f7-48f6-9cd2-df8fcf9de1b7,"Williamstad, VA","West John, MD",1559,1598.46,2025-04-19T09:11:27.739308,pending
db263037-7e00-465c-b69b-6b5dd4eeaf14,"Sandovalfurt, MN","Hollandchester, AL",3522,3790.93,2025-04-26T09:11:27.739402,pending
1ba78951-1489-41e1-8f6a-657cc1d46347,"Leahmouth, FM","Thomasport, TN",1565,3499.7,2025-04-16T09:11:27.739473,in_transit
0bdb9802-e502-4dbc-8179-6d783d53a567,"Davisberg, WV","Thompsonville, AS",3433,757.52,2025-04-20T09:11:27.739564,pending
697bf78f-f3e1-45d1-ae32-f86597cc3400,"Allenhaven, MP","North Melissa, WA",3528,2802.28,2025-04-22T09:11:27.739645,pending
0976e671-1875-408a-afaf-7c0b9c5ada23,"Tracyland, PA","West Kevin, AS",3471,1600.04,2025-05-04T09:11:27.739714,delivered
d76fa8b2-28fa-43e7-9e9d-490b7c4518c3,"North Jesse, CT","Kellytown, PA",3926,4889.23,2025-04-08T09:11:27.739782,in_transit
0cb8fe0f-e7e9-48ca-9b23-13c571a956d3,"Haleyborough, MN","Lindseymouth, IN",4175,618.62,2025-04-05T09:11:27.739851,in_transit
4d0409cc-1b36-44d3-9228-8dcfc3eb46f4,"Port Johnberg, ND","Petersonville, IA",4673,4901.92,2025-04-13T09:11:27.739934,delivered
57b675ce-3a7d-4e11-81cd-2b00dceacde6,"Markberg, IN","West Courtneyville, GA",589,818.2,2025-04-12T09:11:27.740006,delivered
50b95d2e-b692-4f55-88eb-d0daad3be084,"Kevinshire, TX","Morganton, RI",785,1176.4,2025-04-28T09:11:27.740086,delivered
dc946dd1-39b1-4f91-bb53-ee7457f651eb,"Edwardberg, TN","New Brittneyfort, MI",3458,4816.91,2025-04-24T09:11:27.740157,delivered
9d1c252a-0d58-4915-8006-1c73fe73e1ff,"Lake Jefferyburgh, IL","West Hector, TN",3362,4683.43,2025-04-04T09:11:27.740228,pending
c53915be-1b19-4a92-bc46-2d164cae4cd8,"West Nathan, LA","North Randyborough, MA",3747,2608.29,2025-04-14T09:11:27.740299,pending
b782d441-32df-4081-ad3c-7ddccde4002c,"Lake Staceyfort, SD","Emmaberg, TN",1102,3816.69,2025-04-30T09:11:27.740369,in_transit
c1c24332-a78b-4dbe-9df5-ff6eae128f7e,"Carlosview, MH","Mossberg, TX",3029,1699.43,2025-04-26T09:11:27.740450,delivered
364a4613-880f-4ca4-89b4-f7be943850d8,"Smithport, NV","Lake April, PR",1921,4989.93,2025-04-07T09:11:27.740530,delivered
639f4098-81e3-409e-a088-74ae2abaef53,"Lake Dylanville, MT","Marissaborough, ND",3448,3667.59,2025-05-02T09:11:27.740600,delivered
904a3678-654c-4472-bfb3-db6161449349,"Lake Mary, WV","North Johnborough, NM",4079,3181.56,2025-04-08T09:11:27.740669,delivered
86132f53-762d-4dae-ab0f-5763dd1e4ba1,"North Jonathan, MI","North James, PW",3576,933.84,2025-04-11T09:11:27.740757,in_transit
505d81a8-81cd-456e-920d-344984b10262,"New Courtneybury, WY","North Tonyfort, AS",1066,3148.15,2025-04-18T09:11:27.740836,pending
43ef5ced-5580-4173-98ae-d9f56cf386d8,"South Ashley, MO","Millerton, SC",3918,2757.84,2025-04-27T09:11:27.740922,delivered
6739f50e-56cd-46fd-9378-333efd9f32b6,"Nelsonton, MH","Bryanhaven, NE",1355,3541.01,2025-04-15T09:11:27.741002,in_transit
617c1771-9f86-4510-83f5-89f5929cabc6,"Garciaberg, NV","West Johnview, PA",3271,3734.58,2025-04-19T09:11:27.741083,delivered
8410a06f-ca75-475f-ab5a-d8fdfefe5817,"Ryanfurt, UT","Hillton, WV",3072,3607.48,2025-04-17T09:11:27.741173,in_transit
9bebe41e-d6e1-4646-a748-38c3d45f2209,"West Donna, AK","Millerport, IN",2521,267.71,2025-05-04T09:11:27.741252,in_transit
78aba131-7052-460b-95c5-b0cdfa31d7e5,"Port Karafurt, DE","Port Kenneth, FM",4038,4819.59,2025-04-24T09:11:27.741321,pending
7ca90515-5233-4e66-8e38-023a96b1b7e8,"New Cory, ND","Lake Charles, AS",3639,2580.99,2025-04-05T09:11:27.741389,delivered
a5f8da08-e7e3-4459-9147-c197020c7b5e,"Normanshire, TN","West Karl, IL",4409,3135.57,2025-04-24T09:11:27.741458,pending
7bad846c-ba5d-45a7-9a89-4c7417db20c5,"South Angelicamouth, OR","East Kristin, PW",2231,4795.0,2025-04-21T09:11:27.741527,delivered
f47099ac-3c58-4180-a41e-05b1bffdcbe8,"Andersontown, NE","New Jamesstad, WA",2381,3613.28,2025-04-21T09:11:27.741609,pending
e25d9da4-51be-450f-8ca5-788155d4e14d,"Kennethmouth, MS","Lake Vanessaview, NH",4314,2697.35,2025-04-06T09:11:27.741679,in_transit
70af32a0-42dd-4467-a696-305b57cc391c,"Danielton, TX","Lake Steven, MD",1615,2975.88,2025-04-16T09:11:27.741747,delivered
f58bc5b6-3c6f-4f4c-93d1-d7673f318519,"Phillipsmouth, WA","Cervantesport, CA",3572,3074.17,2025-04-23T09:11:27.741849,delivered
3005f97e-70b5-423b-ae75-7f5c8f892220,"Chaneyland, KY","Huffmanmouth, WI",3732,2135.25,2025-04-29T09:11:27.742007,delivered
3bb31218-a243-4a68-9ad7-fb9a36216d43,"Paulview, LA","Gordonshire, AS",2266,2343.59,2025-04-11T09:11:27.742089,delivered
4749f0c7-96d1-424f-a8f8-31bb0c0441bf,"Douglasstad, DE","Lake Michaelchester, UT",1053,2132.16,2025-04-10T09:11:27.742159,delivered
d9431152-dfb0-47bd-9028-ee503235663b,"Marcusport, TN","New Raymond, OK",4411,238.19,2025-04-15T09:11:27.742224,delivered
a62bc7fe-6fb0-4d67-adce-4371e764ea20,"South Austin, NY","Port Amandafort, WA",2253,2319.39,2025-05-01T09:11:27.742293,delivered
f0e1339b-a8e1-4975-a4b6-2746231830a8,"Port Andrea, MO","New Jonathan, SD",3268,1641.41,2025-04-15T09:11:27.742360,pending
81a1235f-2425-4c44-aead-cf3efbd7f0af,"Lake Erin, MP","Lake Roberttown, SC",2726,2692.88,2025-04-21T09:11:27.742428,in_transit
a2faa34b-1043-4b1b-9c14-48a0743917de,"South Matthew, ID","Robertsmouth, TX",2502,2910.42,2025-04-14T09:11:27.742506,delivered
130df40f-c408-4b20-b5be-ea9c386245be,"New Valerieberg, AS","Lake Allisonbury, MP",644,4010.08,2025-04-04T09:11:27.742648,delivered
6d2855c7-312a-41c0-bab5-e2fd5243a54f,"Hansenberg, PR","Rebeccaton, SC",1285,770.95,2025-05-01T09:11:27.742777,delivered
a5db71f8-09ca-4789-8aca-3feee2f040a8,"Port Joshuaborough, OR","Port Stevenview, FM",3960,3661.71,2025-04-06T09:11:27.742854,in_transit
34f52f87-37cd-451f-b694-5a90684149cc,"Leslieland, AZ","Meganstad, AL",2429,3295.44,2025-04-29T09:11:27.742925,pending
0f84b415-07c2-4625-bf72-6b1e573c5417,"Loribury, ND","Adammouth, VT",4468,4821.77,2025-04-13T09:11:27.743015,delivered
3a24b0c9-9ec0-4c47-8fa4-32b9ac1a4816,"East Jennifer, AZ","Port William, PW",4594,4893.87,2025-04-27T09:11:27.743134,in_transit
9b4e0b5e-c889-4ce4-8b54-c81c00383a2c,"Wilsonville, ID","North Cindy, OK",2504,697.01,2025-04-19T09:11:27.743219,in_transit
40fdfdb5-7ff9-4d9a-b8ff-fddcb75df38e,"Williamberg, VI","Maryville, HI",1045,3521.71,2025-04-29T09:11:27.743289,in_transit
92275ce9-961a-4230-95b7-14191ec05b68,"Port Ashley, VT","Katrinaview, CT",4610,2664.42,2025-05-04T09:11:27.743357,delivered
5d4f3eb5-88c8-48cb-b732-affad48ffa59,"Nguyenport, NV","Joelside, SC",3439,1777.15,2025-05-01T09:11:27.743437,delivered
d6a8931c-15e1-4b89-982d-19a254d9db2c,"Susanside, WI","Neilbury, OK",804,1014.77,2025-04-19T09:11:27.743505,pending
e61fb1f9-46f5-412e-b399-e406cbbfeeaf,"Jasonport, AZ","Reynoldsland, MI",4926,268.65,2025-05-04T09:11:27.743586,in_transit
a25cb434-77bd-46b3-9274-7121452fe14f,"Gardnerburgh, ID","Delgadostad, IL",1034,4503.48,2025-04-10T09:11:27.743676,delivered
05135721-2769-46f8-a341-e7162e3dcbe3,"Hesstown, MD","Maloneland, WA",4301,3646.15,2025-04-05T09:11:27.743766,pending
7be3bec0-5fd3-4d31-b5cf-b975e0bfdba6,"Brownfurt, TN","Benjaminbury, WI",509,3361.34,2025-04-29T09:11:27.744395,pending
8502a127-8606-4bb1-973e-d91fa325c846,"East Ronald, IL","West Lori, WV",2932,2194.42,2025-04-16T09:11:27.744477,pending
77757970-db84-4573-967e-50616f370838,"North Amanda, CO","East Christopher, TX",2174,2616.45,2025-05-03T09:11:27.744552,delivered
f664a8e7-0875-4274-99a9-51196a581d48,"Ramseystad, PR","New Lindsey, MS",4043,1738.74,2025-04-18T09:11:27.744635,in_transit
6f3cc776-d7f2-49ea-9677-69c48ce5eb65,"Teresaview, ND","Williamsport, TN",2068,3663.5,2025-04-23T09:11:27.744827,in_transit
8ca8c828-2f58-4774-95e3-2ce8fc1ae986,"Lake Maria, ME","Galvanborough, VA",4909,1464.38,2025-04-23T09:11:27.744917,delivered
41bf1ada-125e-4976-aa2c-448284ab9e30,"Markview, GA","Markbury, PR",3118,2169.76,2025-04-20T09:11:27.744989,pending
0545dcf3-e856-463f-b2a6-d29333ab0aee,"Blairberg, FM","Gomezville, NJ",2846,2120.01,2025-04-10T09:11:27.745080,pending
fa79623c-822d-420e-906e-0305d138d25c,"West Christinetown, WA","New Patrickhaven, NC",3148,3375.65,2025-04-05T09:11:27.745154,pending
eab9de50-dee5-4e4a-86e2-9f3c14a04a3c,"Andresberg, CA","Floresmouth, MI",2952,1941.88,2025-04-13T09:11:27.745230,pending
718a75a8-5a75-4457-a8cd-c5f4f9b72cdf,"Reyeschester, AZ","Tammyland, OK",4369,4570.95,2025-04-24T09:11:27.745306,pending
e8e5dd34-d707-4c81-a1d9-ce285f8d911a,"New Joyce, UT","Powersborough, VA",1133,1241.75,2025-04-18T09:11:27.745423,delivered
d0de554d-b204-4552-9b10-951b3d8e7276,"Frankside, PR","South Katelyn, IN",2696,1288.26,2025-04-12T09:11:27.745496,delivered
6ef8f791-aafa-4908-8fc5-42da25a4db1a,"Michellechester, ME","North Anthony, DC",2674,1936.03,2025-04-16T09:11:27.745564,pending
0795b440-9169-4136-bcf8-eb5e1e8fe695,"Port Jameston, NV","Donnaburgh, FL",724,1851.53,2025-04-19T09:11:27.745632,in_transit
6529e7aa-ed1d-4f4f-aec9-d8782c42ec1f,"Carterborough, WI","Campbellchester, CO",4063,3993.13,2025-04-28T09:11:27.745719,in_transit
4df7e8e6-498f-4962-9e5e-ae190030fd99,"Tammyville, NY","Tonyachester, NE",2478,793.42,2025-04-11T09:11:27.745787,in_transit
7904141f-511c-493f-aa18-763e775ffea2,"Franciscoview, GU","Matthewhaven, NY",4470,4560.35,2025-04-19T09:11:27.745852,delivered
aa3443b1-fed1-4d34-9574-d4ccb817157a,"East Jeffrey, PA","Port Jacob, WA",1264,252.68,2025-04-27T09:11:27.745917,delivered
ca8e711d-d9d5-492e-8844-813069532c92,"Port Sara, OR","Hullstad, OH",4619,4747.58,2025-04-24T09:11:27.745993,pending
d93686db-8709-4f1a-adb1-347a4fd73339,"Joshuastad, PA","East Nicoleburgh, WA",2771,3602.72,2025-04-25T09:11:27.746061,delivered
e062b5b6-266b-4776-8299-a4e55310bfba,"Barbarafort, RI","New Lisa, WV",1671,1648.76,2025-04-25T09:11:27.746126,in_transit
2dce9f50-96f3-44ec-ab2f-cd231d35c875,"East Frederickshire, ID","East Laura, HI",4808,3615.75,2025-04-23T09:11:27.746194,pending
e3895182-18b8-4373-87d3-acb914b9be2b,"East Karen, MD","Davidton, MS",4936,219.04,2025-04-17T09:11:27.746259,delivered
b34c28b7-1628-4f49-831d-585f31cb8e9b,"East Angela, TN","Lake Robert, CT",3400,2642.48,2025-04-08T09:11:27.746323,pending
b6f04d08-744e-45d1-8d36-0b284c2f0c69,"Fullerburgh, SD","Calebland, OH",4455,3752.37,2025-04-12T09:11:27.746399,in_transit
bcd185aa-bfad-4bce-88e2-b6534d12b7f7,"Lake Pamela, WI","Amybury, AL",4152,3703.14,2025-04-30T09:11:27.746465,in_transit
af4810d5-03e8-4e69-bcb2-faea9b8fa811,"Davischester, IA","Joneschester, NY",3544,420.81,2025-04-13T09:11:27.746552,pending
97f47592-4ff5-47c7-bf9f-9112774ad3dd,"New Stephen, OH","New Michaelside, LA",2041,4331.92,2025-04-15T09:11:27.746620,pending
19f1430e-5970-41f7-9990-57ea73fa8f8e,"South Angelamouth, IA","Lake Laurenborough, SC",4977,678.3,2025-04-16T09:11:27.746689,delivered
ee61dbc7-7c52-4b74-bfd6-c5bd64aee577,"North Beth, VI","Bryantborough, GA",806,3629.15,2025-04-18T09:11:27.746785,in_transit
826444cf-30e7-483e-b523-2ea454ef44b9,"Coreyville, FL","North Claudiatown, ND",972,4894.19,2025-04-13T09:11:27.746861,in_transit
e41fb5ec-a864-4295-817e-beabed182274,"Jacobborough, AK","Rodgerston, KY",710,4043.07,2025-04-10T09:11:27.746940,in_transit
9594902a-99a9-4630-9819-6f461804bf6d,"Lewishaven, LA","Ramirezbury, OH",1850,1851.23,2025-04-28T09:11:27.747028,delivered
f6e1013e-5791-4e02-a369-ecda93cc86fa,"New David, ME","Port Allison, IN",3387,1597.43,2025-04-05T09:11:27.747094,in_transit
6c5c16ca-368b-4847-8a87-5a7130d86196,"Yolandaport, MO","Jessicaside, SC",602,1313.79,2025-04-10T09:11:27.747160,delivered
75ff1612-1fb0-46d2-8baa-95e33356200b,"Lake Francisco, AL","Lake Tinafort, IL",3832,1309.83,2025-04-30T09:11:27.747226,in_transit
